title,time
抗非典英雄模范事迹报告团在京举行首场报告,07月29日 10:56
灾难过后心更齐 北京东城区思政工作显生机,07月29日 10:05
同胞心连心 小汤山医院送锦旗致谢海外侨胞,07月20日 12:07
中国科协表彰防非优秀科技工作者和先进学会,07月18日 17:48
WHO：不要放松警惕 做好非典可能复发的准备,07月18日 13:13
“双解除”后北京重开社区健康大课堂,07月06日 15:04
"禁食野味:管好我们的嘴 远离人体""生物炸弹""",07月06日 11:18
公共卫生基础实 苏南卫生城市群“抗非”显威力 ,07月06日 09:53
新华时评：“抗非”更见“创卫”功 ,07月06日 09:48
“非典”过后  防止吃野生动物恶习死灰复燃,07月05日 09:55
可能病例再减2例 周六台湾有望SARS疫区除名 ,07月03日 14:51
广东最后三名非典病人7月1日痊愈出院 ,07月02日 13:15
非典促使反思发展战略 避免有增无发展陷阱 ,06月29日 12:56
SARS已得控制 中国国航新增航线迎旅游复苏,06月27日 09:53
经过非典洗礼的中国旅游业将更上一层楼,06月27日 09:12
旅行警告解除 中国旅游业经历风雨又见彩虹,06月25日 20:28
财政部长:“非典”对中国财政影响初步显现 ,06月25日 15:43
北京“双解除”增强外资企业在京投资信心,06月25日 14:32
沪深股市对北京“双解除”提前作出反应,06月25日 14:29
法新社：北京“双解除”是抗非典的里程碑,06月25日 13:46
北京疫区“双解除”经济社会生活恢复正常,06月25日 13:42
世卫组织：中国政府与人民防治非典工作出色 ,06月24日 23:53
被非典“冷落”的旅游业将出现生态健康游,06月21日 19:56
全球20日没有新非典患者 累计8461人,06月21日 19:03
统计局:非典影响明显 国民经济依然较快增长,06月20日 11:30
截止18日香港连续第七天非典型性肺炎零感染,06月18日 20:43
小汤山非典定点医院最后一批患者于近日出院,06月18日 19:41
社会秩序恢复正常　抗击非典仍不能松懈(图),06月18日 19:28
卫生部和WHO专家抵山西考察非典防治工作,06月17日 21:25
世卫组织撤消对中国台湾的旅行警告,06月17日 20:37
世卫公布截至16日非典疫情　累计患者8460人,06月17日 19:02
旅游复苏  不忘防“非典”,06月15日 15:18
铁路部门:量体温会耽误一点时间 赶车要提早 ,06月15日 14:25
截至13日全球非典患者累计8454人 792人死亡,06月14日 21:20
澳大利亚要求所有的入境者填写健康卡片,06月14日 20:13
台湾当局编造谣言诋毁祖国大陆抗击非典工作 ,06月13日 12:41
非典期查处5万多起价格违法案 罚金7000多万,06月11日 20:33
外国媒体热评中国群防群控抗击“非典”,06月11日 17:10
抗击非典期间全国五大类价格违法案件被查处 ,06月11日 15:36
韩德民谈北京SARS疫情为何来得最猛去得最快,06月11日 15:34
非典对就业冲击有多大？关注岗位更关注收入 ,06月09日 16:16
摸清顾客心理 非典时期企业广告的非常策略 ,06月09日 15:40
一发烧民工擅离北京 其密切接触者全部隔离 ,06月07日 15:53
全国检察机关批捕353名涉及非典犯罪嫌疑人,06月07日 13:19
美国等十四个国家已经撤消对香港的旅游警告,06月07日 11:31
北京加强非典重症及危重患者救治 病死率约7%,06月07日 00:18
卫生部:各地尽快对疑似病例确诊或排除做结论,06月06日 22:20
体内自有雄兵百万 人体免疫与SARS病毒搏杀,06月06日 10:22
世卫专家：全球和中国已渡过非典疫情高峰期,06月06日 08:43
WHO近期考虑撤销对冀/晋/津/内蒙的旅游警告,06月05日 23:38
《数字观察》：关注非典战役中的农村,06月05日 23:04
外国政府、机构对华非典援助已达3802万美元,06月05日 22:21
述评：抗击非典 法治彰显威力,06月05日 19:52
世卫组织：全球4日首次没有非典死亡病例,06月05日 19:25
非法偷渡人员被排除非典嫌疑外轮启航离津,06月05日 19:07
WHO专家：全球和中国已渡过非典疫情高峰期 ,06月05日 17:21
中国气象局：SARS病毒传播与气象条件有关,06月05日 14:36
疫情趋缓 世界范围首次无SARS死亡病例 ,06月05日 12:52
述评：仅有热情是不够的 ,06月05日 11:42
世卫驻华代表正面评价 北京撤警须四个标准 ,06月05日 10:17
李长春:一鼓作气 夺取防疫病和经济双胜利,06月04日 18:19
SAS初愈 撤消“旅游警告”在期待,06月04日 15:53
危难之中，我们经受考验——抗击非典启示录,06月03日 21:23
白俄瑞典及澳大利亚领导人慰问我国非典疫情,06月03日 18:45
12315投诉中心在抗非中发挥经济情报体系作用 ,06月03日 17:34
中德两国科学家将合作进行非典科技攻关 ,06月03日 17:18
海峡时评：不变的关爱源自骨肉情深 ,06月03日 16:46
内地目前在医院治疗的非典患者不足1500人,06月03日 15:00
韩国向中国捐赠价值40万美元抗非典医疗器械 ,06月03日 13:07
高强：各国团结谋策是战胜非典最有效的办法,06月03日 10:06
“非典”入侵德国 新报告一例非典病例,06月03日 09:39
东盟和中日韩非典防治高级国际研讨会开幕 ,06月03日 09:20
未雨绸缪 日本训练运送非典患者,06月02日 22:56
时评：非典确诊病例“零报告”说明什么？,06月02日 21:41
好好补偿一下：市场出现“后非典”消费冲动,06月02日 21:23
菲律宾一个月新增16例艾滋病病例,06月02日 20:54
我国内地新增非典临床诊断病例首次零报告,06月02日 19:23
非典预防和诊断走向正轨 日积极开展非典研究,06月02日 16:44
南航：研制非典疫苗第一人终生免费乘机 ,06月01日 15:48
加新增非典可能病例 调查4人是否死于非典,06月01日 15:27
《直面SARS，中医药防治非典策略》面世 ,06月01日 14:23
中国东盟非典出入境检疫管理会议在京开幕,06月01日 13:51
非典流行过程：采取措施10天后发病明显下降,05月31日 22:25
台湾31日新增9例非典病例 新增疑似病例49例,05月31日 20:56
香港31日新增3名非典病人 全是医院医护人员,05月31日 20:34
加拿大专家称多伦多新一轮非典疫情已达高峰,05月31日 01:33
7岁女童走出非典阴影  盼望快乐的儿童节,05月30日 22:22
绝不麻痹松懈—防非典指挥部工作组一日纪实,05月30日 21:02
民政部：防治“非典”社会捐赠已超过24亿元,05月30日 14:39
新加坡将全面检查医疗体系,05月30日 12:55
广东发现非典隐性感染者 带病毒但无传染性 ,05月30日 11:04
[评论]禁食野生动物　法律不应缺位,05月30日 10:32
中远8万员工零感染 为医护人员捐款600万,05月30日 09:55
卫生部接收各类捐赠款物约6.6亿元,05月29日 21:48
新华时评：“零”纪录告诉我们什么,05月29日 20:36
科技点评：科研成果给防治非典带来希望 ,05月29日 19:48
日本援华抗“非典”物资运抵北京,05月29日 18:46
非典入侵俄罗斯 境内确诊第一例非典病人,05月28日 22:30
统战部：举行党外人士全国抗非情况通报会,05月28日 18:37
中国烹饪协会要求餐饮企业推行分餐制 ,05月28日 17:33
非典疫苗研制顺利 人们翘首以盼疫苗问世,05月28日 16:56
外报指中国领导人及时对麻痹思想敲响警钟,05月28日 15:11
加一中学生可能感染SARS 卫生部门全力调查,05月28日 14:43
述评：非典引发的思考,05月28日 10:28
全国大部分省市重新调整对广东来客隔离措施,05月28日 09:32
国防科工委将一批高科技技术用于抗击非典,05月27日 22:50
世卫：26日非典疫情 累计8202人死亡725人,05月27日 20:18
谁为“抗非政策”配套,05月27日 19:53
多伦多疫情反复 重返世卫组织疫区名单,05月27日 19:37
面对灾难我们充满必胜信心！,05月27日 19:31
防治非典形势依然严峻 摘掉口罩为时尚早,05月27日 10:13
多伦多重新被列入非典疫情严重地区名单,05月27日 06:18
亚洲开发银行拨400万美元控制SARS传播 ,05月26日 18:21
台拒受大陆捐赠防非医疗物品 海协表示遗憾  ,05月26日 18:00
联合国儿童基金会向中国捐赠非典监测用车 ,05月26日 17:25
列车健康申报卡填写不实埋隐患 需认真对待 ,05月26日 16:59
应对SARS冲击 新加坡考虑推出经济救助措施,05月26日 13:27
多伦多发现新的非典病人　疫情出现反弹 ,05月26日 12:50
专家认为三大失误导致非典由隐患酿成危机 ,05月26日 11:23
新华时评：非典考验国家公务员 ,05月26日 11:20
新闻述评：非典型肺炎防火墙应该靠什么加固？ ,05月26日 07:51
加拿大多伦多隔离千人以防非典疫情再次发生,05月26日 02:03
疑似非典患者再现多伦多 美重发出旅行警告,05月24日 22:06
重大发现：五十年代医书就有非典症状记载,05月24日 20:24
危难中携手——世界支援我国抗击非典纪实,05月24日 17:44
台盟中央主席张克辉:两岸密切配合共抗SARS,05月24日 15:40
大陆公布抗非典中药在台湾受瞩目 ,05月24日 15:35
公共场所预防非典消毒重点是电梯间卫生间 ,05月24日 14:53
非典影响越南经济的增长,05月24日 13:22
中国抗非典期间已查处违法案件案值一亿多元,05月24日 13:20
乘三航空公司飞机得非典 最高获赔20万元 ,05月24日 13:11
八国外长呼吁国际社会共同对付非典,05月24日 10:03
写在WHO取消对粤港旅行警告之际 ,05月24日 05:25
瑞士外长：中国很好地防止了非典蔓延 ,05月24日 00:06
WHO撤消香港广东的旅游警告 香港各界备感鼓舞,05月23日 23:32
与国际接轨 SARS确诊和疑似病例有了档案身份 ,05月23日 06:32
最近7天没有新发病例 疫情在学生中得到控制,05月22日 22:05
北京将重点查办六类涉非典渎职案 ,05月22日 20:22
国统局：客观反映非典对经济社会运行影响,05月22日 19:52
非典型肺炎出入境检疫管理会议即将在京召开,05月22日 19:40
世界各国领导人对中国发生非典疫情表示慰问,05月22日 18:43
中国东盟非典出入境检疫管理会议将在京召开,05月22日 16:55
我国SARS确诊和疑似病例有了档案身份 ,05月22日 15:36
世卫计划募集1亿美元 多数发展中国医疗设施 ,05月22日 14:56
[评论]高度重视ＳＡＲＳ对我国经济的影响,05月22日 11:43
防非典 中国首次实现对农村流动人口动态统计 ,05月22日 11:26
新加坡开通非典电视频道,05月22日 11:05
中国人保新险种：因交通工具染非典可获赔 ,05月22日 10:51
总政出台相关政策激励小汤山医院官兵抗非典,05月22日 09:53
意向中国提供约110万美元抗非典紧急援助,05月21日 19:45
定点医院是如何处理非典垃圾的？ ,05月21日 18:57
非洲驻华使团向中国捐款支持防治非典,05月21日 18:48
非典病死率缓慢上升　死亡病例男性多于女性,05月21日 09:25
专利竞争：抗击“非典”　第二战场烽烟四起,05月21日 08:57
全国防治非典医药用品及副食品价格稳中有降 ,05月20日 17:48
总装备部军事医学研究所向北京捐赠防护用品 ,05月20日 17:28
非典未能阻挡外商投资北京步伐 ,05月20日 17:16
[评论]“坏事变好事”是危险的自慰,05月20日 15:19
旅游行业苦练内功迎接“非典”挑战 ,05月20日 15:03
加拿大华人勇敢面对非典 同舟共济渡难关 ,05月20日 13:50
世卫证实全球共有16人在4个航班上感染非典  ,05月20日 10:29
非典不能阻止缪斯脚步　各国音乐家声援中国,05月20日 10:06
理性规划“非典后期”和“后非典时代”生活,05月20日 09:58
我国最小的非典疑似病人情况稳定 已经好转 ,05月20日 08:24
云南制定高考防非典方案 返滇考生须隔离14天 ,05月20日 08:21
世卫组织总干事：加强全球疾病监控体系能力,05月20日 06:31
内地疫情继续下降 农村防治非获阶段性成果,05月19日 21:52
新华社评论员：保持正常工作和生活秩序,05月19日 20:40
上海邮政向医务工作者赠送报刊订单和邮品 ,05月19日 18:38
台湾医院传播非典 98%病例与医院有关 ,05月19日 18:32
一方有难八方支援 各地支援河北人民抗击非典 ,05月19日 17:27
流动人口信息采集平台提供抗非数据预测支持 ,05月19日 14:52
山东特殊时刻救急帮难支援全国抗击非典纪实 ,05月19日 13:18
专家分析：北京“非典”传染源得到较好控制,05月19日 11:03
上下齐心抗非成效显著 中国再显负责大国风采 ,05月19日 10:23
铁道部：体温超过37.5度不能乘火车 ,05月18日 14:02
一批防“非典”药品违法案件曝光 ,05月18日 13:36
世界卫生组织：消灭非典至少还需要３至４年,05月18日 13:08
WHO：消灭非典至少还需要3至4年,05月18日 11:21
WHO：多数非典疫情正在结束，中国进展巨大,05月18日 11:18
走访距北京最近的“隔离第一村” ,05月18日 10:51
海外支援中国抗非典 新加坡严格留学生管理,05月17日 23:34
27个在港外国商会声援香港抗击非典行动,05月17日 21:18
江苏四川等地严打防非典中的违法违纪行为,05月17日 21:17
如非典延续到年底  台经济增长将下滑到1.89％,05月17日 20:46
非典病区见闻：宣武医院周围居民生活如常,05月17日 19:48
俄罗斯向中国捐赠133万美元抗击非典物资,05月17日 19:28
小汤山医院里的白求恩国际和平医院医疗队,05月17日 18:40
智利和马其顿领导人对我国非典疫情表示慰问,05月17日 18:32
举国抗非典：12315消费者申诉举报网络显神通,05月17日 13:46
台湾观察：说不清的“一罩难求” ,05月17日 10:45
新华时评：多关爱非典康复者 ,05月17日 10:16
英澳美留学签证照常发放 未受非典影响    ,05月17日 09:56
评论员文章：坚定不移抓好发展这个第一要务,05月17日 06:29
外商来京渐多 商务活动已开始回升,05月17日 04:54
离京高校部分学生6月10日左右返校,05月17日 04:52
小汤山等三个村今年免征农业税,05月17日 04:47
网友连线在抗SARS前线的人民日报记者李舸,05月17日 04:00
“非典”挡不住投资者,05月17日 00:19
南加州华侨华人支持祖国抗击非典,05月16日 23:53
台“卫生署长”涂醒哲因“防疫不力”请辞,05月16日 23:35
辽宁慰问赴京防非典医护人员及其家属,05月16日 22:45
广州康复医务人员倡议并率先捐献血清,05月16日 22:09
北京宣武医院：大改造后收治非典重症患者,05月16日 22:02
严密防非典加劲修大坝 三峡工程取得双胜利,05月16日 19:51
正大集团奔驰－克莱斯勒公司捐款支持中国抗非,05月16日 19:19
医护人员“方便”遇困难 抗非一线急需纸尿,05月16日 08:32
英国15日确诊了该国第一例“非典”患者,05月16日 01:19
廖锡龙：我们必将以彻底战胜非典而回告世人,05月16日 00:20
外商投资企业盯上北京后SARS时期的种种商机,05月15日 23:49
财产保险公司7款抗非典新产品获准面市,05月15日 22:03
农村确诊非典病例155例 没有出现大面积蔓延,05月15日 21:26
意大利和越南领导人对我国非典疫情表示慰问,05月15日 21:16
网络文明工程：不让互联网成非典谣言的温床,05月15日 20:24
日中友好协会向中国抗击“非典”提供援助,05月15日 20:24
一批最新研制的生物防护用品赠送北京,05月15日 19:19
首批250万张防非典知识挂图运抵各地农村 ,05月15日 17:43
新加坡首次允许政府医院接收中医转诊的病人,05月15日 17:06
抗击非典 中国电信将减免通信费,05月15日 16:56
41家在华跨国公司捐款捐物支持我国抗非典 ,05月15日 16:39
评论：对野生动物的敬畏需要法律支持,05月15日 15:50
美媒体：中国防“非典”举措赢得世卫赞许 ,05月15日 14:35
新加坡又10人集体发烧 ,05月15日 13:58
人民日报：妖言也是病毒,05月15日 10:45
刘坚:目前农村还没有出现大面积非典疫情,05月15日 10:22
农村防“非典”措施要进村到户,05月15日 10:15
北京部署高校离校学生返校 返校需统一安排 ,05月15日 10:03
加拿大：非典疫区名单“除名”多伦多,05月15日 07:40
罗总理：带来医疗器材药品 助中国战胜灾害,05月15日 04:20
新疫情威胁新加坡 非典药物研究有进展 ,05月14日 23:44
100多非典保险案获赔付 最高者金额近40万元,05月14日 21:19
在京台资企业家及员工无一感染非典  生产有序,05月14日 20:43
徐才厚看望小汤山医院军队医务人员 ,05月14日 19:45
国际社会向我国抗击“非典”伸出援助之手,05月14日 18:18
专家分析全国及河北省非典型肺炎疫情,05月14日 18:10
亚洲国家要同舟共济 在共抗非典中发展经济 ,05月14日 16:47
农村抗非典：打击违法经营 净化农村市场 ,05月14日 16:14
防治非典：逆水行舟当奋楫 宜将剩勇追穷寇 ,05月14日 15:50
假冒防非典疫情督察人员的犯罪嫌疑人落网 ,05月14日 15:33
世卫专家：中国公布的非典疫情数字值得信赖 ,05月14日 12:11
深圳拟定八项措施保高考中考安全,05月14日 08:07
全国各省区市支援北京等地抗击非典纪实,05月14日 08:03
世卫专家:中国防疫人员的勤奋和敬业令人敬佩,05月13日 21:33
北京全市将展开除四害 非典定点医院是重点,05月13日 19:57
中国希望有关国家公正对待中国公民正常活动,05月13日 18:51
瞭望：在抗非典战斗中锻造官员七种过硬作风,05月13日 18:44
综述：中国侨联海外顾问、青年委员支持抗非,05月13日 08:49
人民日报：各方合力同心 共同抗击非典,05月13日 08:31
10名新闻工作者被授予首届中直青年五四奖章,05月12日 22:51
亚行将向受非典影响成员援助近3000万美元,05月12日 22:41
贵州省红十字会开辟手机捐款通道,05月12日 20:35
中国红十字会慰问抗击“非典”一线医护人员,05月12日 20:33
防疫史话：霍乱——“19世纪的世界病”,05月12日 19:22
中国红十字会准备为台提供必要的防非医用品,05月12日 19:13
113个国家因非典对我往访团组人员进行限制,05月12日 18:21
叶欣等１０名护士获南丁格尔奖章,05月12日 17:46
美为防生化袭击所作的充分准备减轻SARS冲击,05月12日 17:36
每秒运行3万亿次超级服务器将无偿抗非典 ,05月12日 17:19
我国旅游行业调整工作重点直面“非典”冲击 ,05月12日 17:13
世卫专家首次考察中国农村非典防治工作,05月12日 13:44
何大一称已研制成十几种抗SARS病毒的多肽药物,05月12日 13:40
防治非典关注与纠正两种倾向：麻痹和恐慌 ,05月12日 11:46
美国小朋友致信北京代市长：我们热爱北京 ,05月12日 08:29
姚明领衔众多明星募捐支持抗击“非典” ,05月12日 00:00
世界华侨华人声援祖国抗击非典  ,05月11日 23:02
黑龙江省首批非典隔离人员走出“隔离区” ,05月11日 22:26
北京金港工地首批246名民工解禁 开始复工,05月11日 22:25
惠灵顿华侨华人“献爱心 抗非典”为祖国募捐,05月11日 20:40
广大农村告别不良卫生习惯 追求健康生活 ,05月11日 20:27
山东：物资源源不断全力支持北京抗击“非典” ,05月11日 20:04
北京市举行感谢全国支持奋力战胜非典大会 ,05月11日 19:58
美加州大学伯克利分校政策调整 将接收大陆及台港新生 ,05月11日 18:33
受“非典”影响的部分行业将享受税收优惠 ,05月11日 17:44
后非典时代 我们如何生活？ ,05月11日 17:07
内地、北京5月1日至10日每天非典数据一览,05月11日 16:19
记者来信：请不要上“空气除菌杀毒器”的当,05月11日 10:12
手机短信服务投身“抗非”时期北京网上教学,05月11日 10:07
海南省委省政府致电慰问抗击非典的河北人民,05月11日 09:59
部分防治“非典”药品不被纳入快速审批通道,05月11日 09:50
高扬科学精神大旗:全国同心科学防治非典纪实,05月11日 09:47
中央政府援助香港的第二批防护服在杭启运,05月11日 03:54
北京市抗击“非典”志愿者在行动,05月11日 03:26
第八批“非典”患者转住小汤山,05月10日 23:56
中国医生看世卫专家河北之行：“非常细致”,05月10日 23:13
防疫史话：麻风——《论语》中记载的传染病,05月10日 22:41
柬埔寨港澳侨商总会支援香港抗非典,05月10日 22:29
北京六岁“非典”患者康复出院记,05月10日 22:21
台湾：非典疫情加重 通报病例突破千人,05月10日 22:19
为炕非典北大学生向卫生陋习宣战,05月10日 22:16
北京：盗抗非典一线医务人员财物的窃贼落网,05月10日 22:09
综合消息：全球非典疫情出现减弱迹象,05月10日 21:33
北京首个建筑工地解除隔离控制,05月10日 19:13
（防治非典）人们的信心来自哪里？,05月10日 18:55
旧金山侨界第二批捐赠抗非典物资启运回国,05月10日 18:41
非典亡者骨灰专门保存 家属解除隔离即可认领,05月10日 08:44
美国NBA电视网络将直播姚明“抗击非典”活动,05月10日 03:56
世卫专家与北京“南大门”保定官员对话实录,05月10日 00:05
7例非典无一传染 德国防疫分工明确效率高 ,05月09日 17:01
吴仪见WHO候任总干事 说中国政府关注人民健康 ,05月09日 16:35
全国铁路累计处理疑似“非典”旅客1225名 ,05月09日 16:32
日本决定向中国派遣防治非典专家组,05月09日 14:21
中央台新闻频道将直播全国非典疫情分析 ,05月09日 13:47
清华校长致信家长誓言：校园里一个也不能少,05月09日 13:29
中国学者专项研究SARS对中国改革发展的影响,05月09日 10:23
IMF：控制“非典”对亚洲经济意义重大,05月09日 10:05
质检总局：未发现任何食品动植物有SARS病毒 ,05月09日 08:16
北京2163位非典病人全部转入定点医院治疗 ,05月09日 07:57
德国政府向我提供的首批防治非典物资抵京 ,05月09日 00:19
梁锦松：“非典”给香港经济造成严重影响,05月08日 23:58
和衷共济 共渡难关 各地积极支援重点疫区,05月08日 20:34
新华时评：严防劣质“防非”用品下乡坑农 ,05月08日 17:42
8日非典曝光台:干部免职 医生除名 案件(名单) ,05月08日 15:45
中国首次大范围处分突发灾害事件中失职官员 ,05月08日 13:24
WHO:全球非典病人6903例 香港防非经验被肯定 ,05月08日 13:22
青岛紧急呼吁市民捐血 支援北京抗非典 ,05月08日 11:05
浙江：18万件防护服急援香港抗“非典”,05月08日 10:02
动物专家：“非典”病毒是否源于动物尚未证实,05月08日 09:16
非典型肺炎严重打击俄罗斯航空业,05月08日 07:40
17项应对非典的保险新产品和服务获准面世,05月07日 23:02
保险公司向抗非典一线医护人员提供保险,05月07日 23:01
民政部已接受非典防治社会捐赠款物637万多元,05月07日 22:32
第五批150名非典患者今晚转入小汤山医院 ,05月07日 21:36
香港各界痛别在抗非典前线殉职的首名医护人员,05月07日 20:25
综合消息：世界各国加紧建立防治非典体系,05月07日 20:24
北京一护师在防治非典中临阵脱逃被开除党籍,05月07日 19:22
一批发非典横财制售假冒伪劣产品案件曝光,05月07日 19:19
央视组织演员到抗非一线医务人员家中慰问,05月07日 08:27
世卫组织总干事称对全球控制“非典”有信心,05月07日 08:23
综合消息：国际社会协调共抗“非典”,05月06日 22:37
《中国“非典”阻击战》出版 ,05月06日 20:17
国家发展改革委曝光一批哄抬价格违法案件,05月06日 20:14
疑似非典病人一般10天内可确诊或排除 ,05月06日 17:20
新加坡非典控制势头良好 旅游业出现转机 ,05月06日 16:10
快讯：欧洲各国卫生部长召开防非典紧急会议 ,05月06日 14:18
内地未接到非典病人治愈后复发的报告 ,05月06日 13:09
中日友好医院紧急启动医务人员心理健康行动  ,05月06日 11:48
世卫组织有可能设立专项基金抗击“非典” ,05月06日 11:35
北京部分高校表示理解离校生不追究其责任 ,05月06日 09:12
世卫组织公布新发现 北京抗非典获得肯定 ,05月05日 23:04
热血无价 骨肉情深,05月05日 20:42
日本为何无非典：不随地吐痰 勤洗澡洗手 ,05月05日 18:51
中国航油(新加坡)为中国抗击非典捐款,05月05日 17:39
华中科大发出抗击非典青年志愿者倡议书,05月05日 14:05
旧金山华侨华人踊跃捐资捐物助中国抗非典,05月05日 09:58
民族精神激励全国人民众志成城抗击“非典”,05月05日 09:58
《欧洲时报》：要以坚强的信念面对非典,05月05日 04:22
世卫专家在澳门开课讲解“非典”,05月05日 02:46
德政府向我提供防非典紧急援助 ,05月05日 01:09
地坛医院青年医护人员：“承担祖国的苦难”,05月04日 23:29
时评：支援疫区彰显深情,05月04日 22:47
非典病区见闻：第一次面对非典病人,05月04日 22:44
抗击“非典”：中华大地情涌北京,05月04日 22:37
旧金山华人华侨捐赠北京抗非典物资运抵京,05月04日 22:33
评论:对吃“野味”的恐惧应该继续保持下去 ,05月04日 18:58
法律专家：“非典”患者逃逸可被判刑,05月03日 21:34
首批外国政府援助的防治非典物资抵达北京,05月03日 21:15
“非典1号”竟是自制 黑心医院借防非敛财害人,05月03日 19:43
一起特大销售伪劣“非典”防护服案件告破,05月03日 19:28
各地查处一批借非典发不义之财的违法案件 ,05月03日 17:16
综述 各地支援北京抗击“非典” ,05月03日 17:13
抗击“非典” 各地青年志愿者在行动 ,05月03日 17:09
钟南山预测北京5月中旬后进入非典下降期 ,05月03日 17:06
回良玉：全力防治农村非典 ,05月03日 15:35
外报引毛泽东诗词 指中国定能再送走“瘟神”,05月03日 14:08
18名青年获得“中国青年五四奖章”  ,05月03日 14:00
点评：对吃“野味”的恐惧应该继续保持下去,05月03日 09:06
又一批医务人员奔赴北京防治“非典”一线 ,05月02日 20:06
内蒙古最早发现的“非典”患者康复出院 ,05月02日 20:04
遇到“非典”如何与保险业打交道,05月02日 20:03
“非典”面前中式快餐为何敌不过洋快餐？,05月02日 19:42
进入小汤山——“非典”患者转院目击记 ,05月02日 19:18
健康假日：走出家门 享受春光 ,05月02日 19:14
中国国民心态：在SARS的挑战中成熟 ,05月02日 18:25
新华社评论：让农民工安心留下 ,05月02日 17:27
战“非典”医生成了新一代“最可爱的人”,05月02日 13:54
“非典”时刻考验公民道德素质,05月02日 13:52
抗击“非典”带来新的健康文明,05月02日 13:49
相信政府 依靠科学：确保抗非不留死角 ,05月02日 13:01
新华评论：抗击“非典”带来新的健康文明  ,05月02日 10:48
新华社评论：处变不惊才是明智选择,05月02日 09:54
北京：商场推出多项措施 让百姓放心购物 ,05月02日 07:12
新闻特写：全聚德里的北京情 ,05月02日 07:09
加拿大召开非典国际会议 ,05月02日 00:18
五一：北京鲜花送春意 ,05月01日 23:24
北京决定临时征用度假村等房屋用于防控非典,05月01日 21:08
94国对中国往访团组/人员采取限制措施（公告）,05月01日 20:58
普罗迪致函胡锦涛支持中国抗击“非典”斗争,05月01日 20:40
德总理致电温家宝慰问中国突发非典疫情,05月01日 20:33
韩总理致电温家宝慰问中国“非典”突发疫情,05月01日 20:29
"北大外教未受""非典""影响 ",05月01日 20:06
北京银行业积极采取措施应对“非典”,05月01日 18:45
北京餐饮业直面“非典”,05月01日 18:42
普罗迪致函胡锦涛对中国抗击非典斗争表支持,05月01日 00:38
著名导演谢飞感染非典病情好转 体温呼吸正常,04月30日 22:05
各地防治“非典”动态 ,04月30日 17:50
韩国提供10万美元援助我国防治非典型肺炎,04月30日 16:41
两种“非典”病毒检测试剂盒获准进行试生产  ,04月30日 16:25
非典消毒液能保证市场需求 ,04月30日 16:21
农业部：京津冀鲁晋蒙肉蛋米面价格恢复正常  ,04月30日 15:39
全国食糖供应充足 价格开始回落  ,04月30日 15:38
北京菜价陡涨急落 全国市场供应平稳  ,04月30日 15:35
北京“的哥”和“大厨”纷纷奔赴抗非典前线,04月30日 14:32
新闻特写：为了一个共同的目标 ,04月30日 14:27
北大将优先录取抗击非典一线人员子女,04月30日 10:23
今年“五一”不回家 上海高校假期照常上课,04月30日 09:34
北京：电视台举办捐赠晚会 捐赠款物逾八千万,04月30日 09:27
WHO：“SARS的真正威胁程度被夸大” ,04月30日 09:26
多国加强出入境口岸“非典”检疫措施   ,04月29日 22:51
工行:4种人免缴抗非期房贷逾期罚息和复利 ,04月29日 22:37
各地公安查获借非典破坏社会治安案件150余起,04月29日 21:02
无国界医生组织医护人员到香港协助防治非典,04月29日 20:51
新华时评：坚决果断切断一切“非典”传染源,04月29日 19:14
新华时评:抗击非典型肺炎步调一致才能得胜利 ,04月29日 17:40
各地采取切实措施控制非典疫情传播和蔓延 ,04月29日 15:55
人民日报评论:在抗击非典斗争中弘扬民族精神 ,04月29日 13:47
非典是人类共同敌人 恪守信念下的理性与严谨 ,04月29日 13:46
“非典”像镜子照出我们隐藏的伤口 ,04月29日 13:44
温家宝抵达泰国 出席中国—东盟非典特别会议,04月29日 12:17
中国—东盟：携手抗击非典型肺炎 ,04月29日 12:04
领导抗非典要流动:评温总理与北大学子共进餐 ,04月29日 12:01
新华社评论：这一仗我们一定能打赢  ,04月29日 11:12
京、港紧急调运杭州“非典”防护服之急缓解,04月29日 10:44
加强医疗污物处理 防止“非典”二次污染 ,04月29日 01:43
“非典”时期的怕和爱 请为我的父母祈祷,04月29日 00:34
美洛杉矶华人华侨援助中国防治“非典”,04月28日 23:48
日本：被怀疑“非典”患者上升至57人,04月28日 23:40
山西医生梁世奎在抗非典中殉职 温家宝批示,04月28日 23:30
厦门：查扣１５万只“黑口罩”,04月28日 22:42
海外学子为我国中西地区人民抗“非典”捐款,04月28日 08:18
造成非典流行危险的当事人将被追究刑事责任,04月28日 08:17
列车添乘非典防疫医生 客车消毒轮换颜色标签,04月27日 22:42
WHO将重新考虑是否取消对多伦多的旅行限制,04月27日 22:16
北京农产品供货渠道畅通 货源充足,04月27日 21:23
菲政府警告商家不要乘“非典”哄抬物价,04月27日 21:02
防非中的“非常婚礼”：祝愿所有人身体健康,04月27日 19:26
中宣部等联合编发“防治非典基本知识”,04月27日 17:05
美国:现行公共卫生法律体系不足以应对非典,04月27日 15:31
东盟各国:加强交流合作 积极应对“非典”,04月27日 15:14
中国移动开始免费发送“非典疫情短信”,04月27日 14:57
各地把好防“非典”的第一道关 ,04月27日 14:34
创造卫生环境防非典 书记市长上街大扫除,04月27日 14:02
"上航率先在飞机上起用""红外线测温仪"" ",04月27日 13:03
成都：非典咨询 直接拨打120 ,04月27日 13:01
上海各行业协会联手出台抗击“非典”措施,04月27日 12:55
WHO呼吁全球追查所有可能的SARS受感染个案,04月27日 12:51
内地与香港两地专家加强合作誓克非典病魔,04月27日 11:23
北京大学拨款百万元建“非典”实验室,04月27日 10:51
非典并非绝症　特殊人群要多加防护,04月27日 10:21
重庆一网民在网上散布非典谣言被依法查处,04月27日 01:06
目击列车非典检疫：青海抗击非典第一线纪实 ,04月26日 23:53
防治非典卫检组：不让一个疑似病人进出北京,04月26日 23:17
周永康：防治非典中公安机关要充分发挥作用,04月26日 23:11
新华视点:河北防“非典”物价为何上涨不止,04月26日 22:21
北京：今天起暂停全市文化娱乐场所经营活动 ,04月26日 22:15
北京各交通部门层层布网 全力防“非典”,04月26日 21:58
综合消息：各国强调依法抗“非典”(多图),04月26日 21:08
焦点访谈：控制价格 保障供给(多图),04月26日 20:09
江泽民会见印度国防部长 介绍非典防治情况,04月26日 15:19
非典歼灭战 我们该向谁致敬 ,04月26日 11:25
香港中华总商会向内地捐款抵御“非典”,04月26日 11:06
北京市场恢复正常 部分商品价格昨起回落,04月26日 08:47
北京每日疫情最迟十二个小时内准确报送,04月26日 08:46
超七成北京市民认为政府抗炎措施得当,04月26日 08:43
北京幼儿老人感染非典低 中壮年患者较多,04月26日 08:41
北京代市长王岐山:打好收治非典病人关键一役 ,04月25日 22:50
北京非典患者将全部集中收治小汤山备用医院,04月25日 22:08
新华社评论员：凝聚起坚不可摧的民族精神,04月25日 20:46
各地：防“非典”不留死角 农民工成重点,04月25日 08:14
世界银行警告：萨斯病（SARS）影响经济增长,04月25日 01:01
世卫专家在港研究楼宇结构与病毒传播关系,04月24日 23:50
香港又有45名非典型肺炎患者康复出院,04月24日 23:49
俄罗斯专家提出预防治疗非典型肺炎新思路,04月24日 22:28
深圳清华研究院制出“红外快速体温检测仪”   ,04月24日 17:38
综述 各地查处一批非典防治期间违法事件 ,04月24日 17:30
维护市场秩序 打击不法行为 ,04月24日 17:16
全国餐饮企业将采用分餐制 ,04月24日 17:01
预防非典传播:全国餐饮企业将采用分餐制,04月24日 16:45
误服消毒液防“非典” 北京通州区一老翁身亡,04月24日 16:28
农村和中西部地区防治力量薄弱,04月24日 15:43
加拿大华人自发组成联盟 团结一致抗“非典” ,04月24日 15:41
四川非典保险兑付第一例 成都女生获赔2678元,04月24日 14:02
危难中众志成城 全国人民抗击“非典”纪实 ,04月24日 13:48
山东：26名与首例非典病人接触者无一发病 ,04月24日 13:18
新加坡：出租车关掉空调 摇下车窗 ,04月24日 13:15
全球齐努力 共同抗“非典”,04月24日 13:01
泰国研制出快速检验“非典”制剂,04月24日 11:22
北大制成基因试剂盒 一发烧就能查出是否得非典,04月24日 11:19
国家图书馆24日起闭馆 重新开放时间暂定5月6日 ,04月24日 10:57
世界卫生组织:将与朝鲜合作 共同防治“非典” ,04月24日 10:50
澳大利亚计划进行动物实验研究“非典”病毒 ,04月24日 10:46
菲律宾卫生部门对“非典”围追堵截 ,04月24日 10:09
美国主动出击抗“非” 保持“非典”零死亡记录 ,04月24日 10:02
美专家最新发现非典病毒可活24小时 ,04月24日 09:58
北京非典死者首次获赔5万 专项保险一周上市,04月24日 07:15
人民日报评论员：依靠科学 坚定信心,04月24日 06:18
深圳抗“非典”有独到之处,04月24日 05:51
世界卫生组织专家将到香港考察“非典”,04月24日 00:53
内蒙古开展向非典患者献爱心活动,04月24日 00:50
新华视点：筑起“防火墙” 围歼非典病魔,04月23日 23:41
世卫专家组继续在上海考察“非典”防治工作 ,04月23日 23:33
韩国召开紧急会议加强对非典的预防措施 ,04月23日 22:31
世界各国严阵以待 强化对非典的防治工作 ,04月23日 22:29
综述：各地采取各种措施防范非典扩散和蔓延,04月23日 21:46
西部各省采取各种措施严防非典疫情侵入蔓延,04月23日 21:33
海峡两岸预防控制非典学术研讨会在京召开,04月23日 19:53
疑有病人乘车回家 深圳深夜追查2014次列车,04月23日 18:46
外交部向驻华使节介绍防“非典”情况,04月23日 18:08
"WHO：中国处理""非典""的态度有利于控制疫情",04月23日 17:37
WHO将在6月中召开全球控制SARS研讨会,04月23日 17:25
世卫组织代表:WHO在台湾问题上立场一贯明确,04月23日 17:15
明日各地专家会聚北京 商讨联手抵御非典政策 ,04月23日 17:11
新加坡总理致信国民:将严待不合作非典隔离者,04月23日 16:32
美报谈非典：死亡率仅4% 远逊肺结核、埃博拉 ,04月23日 15:43
法国制定预防非典措施 提醒公众注意加强预防 ,04月23日 13:58
印度发现4名“非典”患者 ,04月23日 13:49
各地积极采取措施提高“非典”防治效果 ,04月23日 12:45
英国医疗系统对“非典”严阵以待,04月23日 10:32
"新加坡总理吴作栋吁全体国民共同对抗""非典"" ",04月23日 07:29
中国的“非典”疫情数字是如何统计出来的？,04月22日 23:31
面对“非典”挑战,04月22日 20:32
泰国:预防“非典”有“绝招” 3项措施显成效,04月22日 16:37
加拿大新增“非典”病例　政府加强控制疫情,04月22日 11:25
向生活困难的非典型肺炎患者伸出援助之手,04月22日 11:16
菲律宾昨天出现首例因感染SARS死亡的病人,04月22日 10:55
印度一新娘染非典 新郎与数十客人被隔离检查,04月22日 10:53
WHO将召开国际会议 专门研讨治疗“非典,04月22日 09:52
陕西发现首例“输入性”非典型肺炎病人,04月22日 00:01
韩国籍教练谈非典：我对中国防治工作很放心,04月21日 23:56
综合消息：亚太国家全力出击抗非典(组图),04月21日 22:12
东盟首脑紧急会晤 共同对抗“非典”蔓延 ,04月21日 17:40
快讯：天津有2例非典型肺炎病人死亡,04月21日 17:23
海口查处两家欲借非典发黑心财的药店,04月21日 17:21
《泰晤士报》：英做好了应对SARS爆发的准备,04月21日 16:57
蒙古4病人肺部变化异常 怀疑为非典型肺炎患者,04月21日 16:20
菲律宾发现“非典”  首例病人已死亡 ,04月21日 15:41
江苏公布全省82所非典定点收治医院(附名单),04月21日 14:50
北京尚未发现民工得“非典” 钱币不会传播病毒,04月21日 12:57
“非典”肆虐全球:世界各国通力合作捕获病毒 ,04月21日 11:00
湖北发现新一例疑似非典病例 正在进行疫情排查,04月21日 10:15
根据新诊断标准 上海非典病人为2例疑似病人9例,04月21日 09:45
北京尚未发现民工得非典 钱币不会传播病毒,04月21日 08:30
山西非典病例又增 省领导督促防治工作,04月21日 07:28
济南：全民动员防治非典 尚无疫情报告,04月21日 03:53
人民时评：趁火打劫祸甚“非典”,04月21日 03:51
新华时评：人命关天 不容懈怠 ,04月21日 01:12
香港非典型肺炎患者出院人数大幅增加,04月20日 22:24
内蒙古7名疑似非典病人因交不出钱被拖延救治,04月20日 22:08
甘肃省首次发现两例输入性非典病例,04月20日 21:27
山西确诊“非典”病例超过百人 9人死亡,04月20日 21:07
台湾累计通报非典达183例 尚未发生死亡,04月20日 20:14
辽宁发现首例非典患者,04月20日 18:31
[快讯]64.5%非典病人已出院4.3%的死亡 ,04月20日 17:22
[快讯]目前我国农村尚未发现大面积非典疫情 ,04月20日 17:04
防治非典20日上午简报,04月20日 11:51
防治非典20日早间简报,04月20日 10:30
内蒙防“非典”形势严峻 呼市中小学校停课,04月20日 08:00
四川疫情最新通报：发现7例2例死亡,04月20日 07:08
北京市教委发出通知 发现非典学校可选择停课 ,04月20日 05:08
4月19日非典综合：高校阻击非典 旅游提倡就近,04月20日 02:04
吉林发现至少一例输入性非典型肺炎病例,04月20日 01:04
香港：又有４１名非典患者康复出院,04月19日 22:20
台湾非典型性肺炎病人减少一例,04月19日 21:38
香港政府：“非典”患者整体治愈率高达95％,04月19日 21:11
天职 ,04月19日 20:22
非典隔离不是歧视,04月19日 16:09
北京加大力度防治非典,04月19日 15:48
太原市采取各种措施防治非典,04月19日 15:40
宁夏输入型非典患者达5例 新增1例疑似病人,04月19日 15:34
粤港专家联手抗“非典”,04月19日 14:58
广州：战斗在没有硝烟战场上的白衣天使,04月19日 13:08
“五一”期间全国公路客运工作准备就绪 ,04月19日 13:03
“非典”小组如何工作？,04月19日 10:07
消毒、监控、口罩－－北京公共场所预防“非典”见闻,04月19日 09:32
北京人防范非典意识普遍提高,04月19日 09:30
上海确诊第二例非典病例 及时隔离尚无扩散,04月19日 07:51
卫生署署长：香港非典第二波感染潮消退,04月18日 14:57
"深圳拨2500万防治""非典"" 广东服刑罪犯无一染病",04月18日 14:18
高威阁十名居民染“非典”  董建华亲自巡视,04月18日 13:23
有疫情就有其身影 京城2500名防非典队员在行动,04月18日 13:12
特写：爸爸一线抗“非典” 一封家书寄思念 ,04月18日 12:44
长沙紧急通知:未确诊为“非典”患者不得转诊 ,04月18日 12:17
内蒙古首批两名非典患者基本康复有望出院 ,04月18日 11:33
科威特建议海湾国家加强合作预防“非典”,04月18日 11:14
中非五国加强预防措施  严防非典型肺炎传入,04月18日 09:43
德科学家开发出2小时快速检测“非典”法  ,04月18日 09:36
印度发现首起“非典型肺炎” 患者来自新加坡,04月18日 09:10
对抗非典型肺炎 广州保持警觉不恐慌,04月18日 04:59
香港淘大花园大规模非典疫情可能有多个因素,04月17日 23:58
纽约又发现两名非典病人 纽约非典病人达十人 ,04月17日 23:55
内蒙古首批两名非典患者基本康复 未造成传染,04月17日 22:12
上海诊断第二例非典患者 系上海首例患者之父,04月17日 21:29
综合报道：4月17日中国非典型肺炎防治动态,04月17日 21:09
京、沪、粤、晋加强预防 阻止“非典”传播,04月17日 21:04
北京佑安医院欢送首例康复的非典患者,04月17日 19:02
印度发现首起“非典型肺炎”病例(图),04月17日 18:54
北京市红十字会接受防非典药品捐赠,04月17日 17:36
香港教统局：全港中学高中班级下周二复课,04月17日 17:07
中国大陆境外全球非典型肺炎疫情16日统计表,04月17日 14:55
北京药监局发布限价令防非典 中药最高9元,04月17日 09:41
非典导致客源下降 伊朗停飞至吉隆坡航班,04月16日 22:51
湖南预防控制“非典”成效明显 1人死亡5例治愈,04月16日 20:04
北京一男子在女儿患上非典后主动将自己隔离,04月16日 19:36
中国大陆境外全球非典型肺炎疫情15日统计表,04月16日 17:40
挪威、伊朗加强机场“非典” 防治工作,04月16日 16:16
澳门医生将赴粤交流学习应对“非典”经验,04月16日 14:56
宁夏发现5例输入型疑似非典型肺炎患者,04月16日 10:46
上海控制“非典”积极有效,04月16日 05:58
香港内地旅游渠道依然畅通,04月15日 23:12
除中国外非典疫情涉及22个国家和地区(多图),04月15日 21:24
综合报道：4月15日防治非典型肺炎疫情动态,04月15日 19:40
香港医管局表示必要时将向内地求援抗“非典”,04月15日 16:37
卫生部公布我国大陆非典型肺炎最新疫情 ,04月15日 16:17
香港各界出钱出力抵抗“非典”病疫,04月15日 15:24
台湾研发出中药抗病毒口罩,04月15日 15:20
湖北排除18起疑似“非典”病例,04月15日 15:13
内蒙古发现17例非典型肺炎病例死亡3人,04月15日 15:05
香港医管局行政总裁感染非典型肺炎后痊愈,04月14日 22:45
北京卫生局:已确诊非典患者37例 死亡4人康复8人 ,04月14日 22:10
加拿大破译疑与“非典”有关的冠状病毒基因 ,04月14日 15:50
用科学铸造新时期的“白求恩精神”,04月14日 14:45
北京已有八位“非典”患者出院 包括一外籍人士,04月14日 10:39
科学家正在加紧研究非典型肺炎的病原 ,04月14日 09:00
近30位境内外记者进入“非典”病区采访,04月13日 23:48
香港国际机场将加强离境旅客的卫生预防措施 ,04月13日 22:26
防治“非典” 北京启动一级疫情控制措施,04月13日 21:22
香港共２２３名非典型肺炎病人康复出院,04月13日 21:10
北京8位非典患者康复 部分患者病情趋向好转,04月13日 20:29
焦点访谈：齐心协力 防治“非典”(多图),04月13日 20:15
广东控制非典型肺炎四项临床经验值得香港借鉴,04月13日 13:18
冷静客观看“非典”,04月13日 11:42
"新加坡成立部长级委员会 采取措施防治""非典""",04月13日 10:05
北京收治的第一位“非典”患者已基本康复,04月12日 18:10
香港大学教授认为非典元凶是冠状病毒 ,04月12日 15:13
卫生部规定非典病区消毒处理方案,04月12日 14:29
调查称香港市民面对非典呈现理性和团结  ,04月12日 13:24
澳门至今未发现一例非典病案 ,04月12日 10:33
调查显示香港市民面对非典肺炎呈现理性和团结 ,04月12日 01:53
官方称驻京外交使团、留学生中未见SARS患者,04月11日 22:15
加拿大非典型肺炎得到控制 感染人数已经减少 ,04月11日 15:43
越南62例“非典”44人痊愈 成功控制病毒流行 ,04月11日 11:20
美国已发现154例“非典型肺炎”可疑病例,04月11日 08:55
中国目前的“非典”疫情状况通报,04月10日 10:24
马晓伟：中国大陆共报告非典型肺炎病例1290例 ,04月10日 10:21
[快讯]中国大陆地区79.4％“非典”病人康复出院 ,04月10日 10:14
北京发现“非典”7株疑似病原体 正进一步鉴定,04月10日 07:43
卫生部表示：非典型肺炎病原体尚未确定 ,04月10日 07:02
"世卫专家:广东抗""非典""经验应在世界尽快推广 ",04月10日 01:12
非典型肺炎疫情及时公布 专家认为不必过于担心 ,04月09日 23:50
4月9日中国“非典型性肺炎”防治最新进展,04月09日 23:40
美国游客：江苏仍是最安全最舒适的旅游地点,04月09日 19:08
非典型肺炎康复病人谈自己患病和痊愈的心态,04月09日 16:24
香港已有138名非典型肺炎病人康复出院,04月08日 21:03
广东省长:全民动员防治非典型肺炎成绩显著,04月08日 20:02
世界卫生组织专家结束在广东的考察 ,04月08日 19:43
世界卫生组织官员指：取消到广东旅游不明智,04月08日 16:50
广东绝大部分非典型肺炎患者已经病愈开始正常生活,04月07日 20:37
染病者拒绝就医  8谈判专家通宵14小时游说,04月07日 19:50
受非典型肺炎影响 香港机场6日取消90个航班,04月07日 15:15
广东绝大部分非典型肺炎患者已经病愈,04月07日 13:24
卫生部公布全国非典型肺炎最新疫情,04月07日 13:15
专家预计本月广东非典型肺炎发病仍将下降,04月07日 11:16
国际劳工组织一官员因非典型肺炎在京去世,04月06日 16:26
世卫组织召开新闻发布会介绍广东之行(组图),04月06日 07:27
世卫组织：非典型肺炎可能不是在中国起源的,04月06日 07:05
WHO专家认为：粤对非典型肺炎防治有成效 ,04月05日 20:55
云南没有非典型肺炎病例发生,04月05日 08:10
北京市民理性面对非典型肺炎 生活未受影响,04月05日 06:29
沪严防非典型肺炎 目前只发现1例输入性患者,04月04日 22:26
中国订购病毒实验室设备加快非典型肺炎研究,04月04日 22:19
旅游局未接到旅游者感染非典型肺炎的报告,04月04日 20:24
《焦点访谈》：把脉非典型肺炎 ,04月04日 20:23
《时空连线》——“把脉”非典型肺炎,04月04日 11:49
非典型肺炎并未影响北京居民正常生活,04月04日 11:48
广东非典型肺炎防治成效巩固 3月病例明显下降 ,04月02日 13:59
上海未发现非典型性肺炎 仍是最安全旅游地,04月02日 13:31
因爱之名—记者眼中的香港非典型肺炎事件,04月01日 11:21
香港9名非典型肺炎患者康复出院,03月29日 17:25
"发现可疑病例 台湾严防""非典型性肺炎""扩散",03月28日 16:01
香港将打一场艰巨战 举城抗击非典型肺炎,03月28日 08:22
北京有效控制输入性非典型肺炎 ,03月27日 12:22
广东非典型性肺炎已获有效控制 病人康复率77％,03月26日 16:29
虽有担心未造恐慌 香港全力对付非典型肺炎,03月16日 21:07
世界卫生组织警告预防Sars肺炎病毒传播,03月16日 14:14
香港并无爆发肺炎 从四类个案着手追查病源,03月14日 22:38
福州国际机场截获1假冒非典型肺炎患者偷渡客,02月27日 14:37
广东非典型肺炎病因基本确定 ,02月18日 19:49
广东:非典型肺炎患者已有93人康复出院,02月14日 14:42
非典型肺炎并不可怕 广东患者多数已康复出院 ,02月13日 09:33
非典型肺炎并不可怕 广东患者多数已康复出院 ,02月13日 09:33
广东非典型肺炎疫情已得有效控制,02月12日 18:31
